Boro,Neighborhood,ZIP
Brooklyn,Central Brooklyn,11212
Brooklyn,Central Brooklyn,11213
Brooklyn,Central Brooklyn,11216
Brooklyn,Central Brooklyn,11233
Brooklyn,Central Brooklyn,11238
Brooklyn,Southwest Brooklyn,11209
Brooklyn,Southwest Brooklyn,11214
Brooklyn,Southwest Brooklyn,11228
Brooklyn,Borough Park,11204
Brooklyn,Borough Park,11218
Brooklyn,Borough Park,11219
Brooklyn,Borough Park,11230
Brooklyn,Canarsie,11234
Brooklyn,Canarsie,11236
Brooklyn,Canarsie,11239
Brooklyn,Southern Brooklyn,11223
Brooklyn,Southern Brooklyn,11224
Brooklyn,Southern Brooklyn,11229
Brooklyn,Southern Brooklyn,11235
Brooklyn,Northwest Brooklyn,11201
Brooklyn,Northwest Brooklyn,11205
Brooklyn,Northwest Brooklyn,11215
Brooklyn,Northwest Brooklyn,11217
Brooklyn,Northwest Brooklyn,11231
Brooklyn,Flatbush,11203
Brooklyn,Flatbush,11210
Brooklyn,Flatbush,11225
Brooklyn,Flatbush,11226
Brooklyn,East New York,11207
Brooklyn,East New York,11208
Brooklyn,Greenpoint,11211
Brooklyn,Greenpoint,11222
Brooklyn,Sunset Park,11220
Brooklyn,Sunset Park,11232
Brooklyn,Wburg & Bushwick,11206
Brooklyn,Wburg & Bushwick,11221
Brooklyn,Wburg & Bushwick,11237
Manhattan,Central Harlem,10026
Manhattan,Central Harlem,10027
Manhattan,Central Harlem,10030
Manhattan,Central Harlem,10037
Manhattan,Central Harlem,10039
Manhattan,Chelsea,10001
Manhattan,Chelsea,10011
Manhattan,Chelsea,10018
Manhattan,Chelsea,10019
Manhattan,Chelsea,10020
Manhattan,Chelsea,10036
Manhattan,East Harlem,10029
Manhattan,East Harlem,10035
Manhattan,Gramercy & Murray Hill,10010
Manhattan,Gramercy & Murray Hill,10016
Manhattan,Gramercy & Murray Hill,10017
Manhattan,Gramercy & Murray Hill,10022
Manhattan,Greenwich Village & Soho,10012
Manhattan,Greenwich Village & Soho,10013
Manhattan,Greenwich Village & Soho,10014
Manhattan,Lower Manhattan,10004
Manhattan,Lower Manhattan,10005
Manhattan,Lower Manhattan,10006
Manhattan,Lower Manhattan,10007
Manhattan,Lower Manhattan,10038
Manhattan,Lower Manhattan,10280
Manhattan,Lower East Side,10002
Manhattan,Lower East Side,10003
Manhattan,Lower East Side,10009
Manhattan,Upper East Side,10021
Manhattan,Upper East Side,10028
Manhattan,Upper East Side,10044
Manhattan,Upper East Side,10065
Manhattan,Upper East Side,10075
Manhattan,Upper East Side,10128
Manhattan,Upper West Side,10023
Manhattan,Upper West Side,10024
Manhattan,Upper West Side,10025
Manhattan,Inwood/Wash Heights,10031
Manhattan,Inwood/Wash Heights,10032
Manhattan,Inwood/Wash Heights,10033
Manhattan,Inwood/Wash Heights,10034
Manhattan,Inwood/Wash Heights,10040
Queens,Northeast Queens,11361
Queens,Northeast Queens,11362
Queens,Northeast Queens,11363
Queens,Northeast Queens,11364
Queens,North Queens,11354
Queens,North Queens,11355
Queens,North Queens,11356
Queens,North Queens,11357
Queens,North Queens,11358
Queens,North Queens,11359
Queens,North Queens,11360
Queens,Central Queens,11365
Queens,Central Queens,11366
Queens,Central Queens,11367
Queens,Jamaica,11412
Queens,Jamaica,11423
Queens,Jamaica,11432
Queens,Jamaica,11433
Queens,Jamaica,11434
Queens,Jamaica,11435
Queens,Jamaica,11436
Queens,Northwest Queens,11101
Queens,Northwest Queens,11102
Queens,Northwest Queens,11103
Queens,Northwest Queens,11104
Queens,Northwest Queens,11105
Queens,Northwest Queens,11106
Queens,West Central Queens,11374
Queens,West Central Queens,11375
Queens,West Central Queens,11379
Queens,West Central Queens,11385
Queens,Rockaways,11691
Queens,Rockaways,11692
Queens,Rockaways,11693
Queens,Rockaways,11694
Queens,Rockaways,11695
Queens,Rockaways,11697
Queens,Southeast Queens,11004
Queens,Southeast Queens,11005
Queens,Southeast Queens,11411
Queens,Southeast Queens,11413
Queens,Southeast Queens,11422
Queens,Southeast Queens,11426
Queens,Southeast Queens,11427
Queens,Southeast Queens,11428
Queens,Southeast Queens,11429
Queens,Southwest Queens,11414
Queens,Southwest Queens,11415
Queens,Southwest Queens,11416
Queens,Southwest Queens,11417
Queens,Southwest Queens,11418
Queens,Southwest Queens,11419
Queens,Southwest Queens,11420
Queens,Southwest Queens,11421
Queens,West Queens,11368
Queens,West Queens,11369
Queens,West Queens,11370
Queens,West Queens,11372
Queens,West Queens,11373
Queens,West Queens,11377
Queens,West Queens,11378